vname,mean
.chain,1.5
.iteration,15005
kappa.1,9.207807295
kappa.2,0.1
kappa.3,0.214879767
kappa.4,0.503302769
kappa.5,1.613345895
kappa.6,2.350808265
kappa.7,0.911021264
kappa.8,0.881329678
kappa.9,3.099872175
kappa.10,0.3156932675
kappa.11,2.54862488
kappa.12,1.1218992805
kappa.13,5.832469175
kappa.14,1.1230270765
kappa.15,0.5445064775
kappa.16,7.194772075
kappa.17,0.1691644095
kappa.18,16.015513465
kappa.19,0.3071691605
kappa.20,0.679630287
kappa.21,2.033396255
kappa.22,5.632210185
kappa.23,0.521726838
kappa.24,12.5922878465
kappa.25,0.957783431
kappa.26,7.1287134635
kappa.27,13.5058904
kappa.28,0.7018223015
kappa.29,3.812421595
kappa.30,9.326555781
kappa.31,0.6346969485
kappa.32,8.34031607
kappa.33,0.8827591205
kappa.34,2.3440650505
kappa.35,1.310904456
kappa.36,4.619470351
kappa.37,71.7747814
kappa.38,1.3981509635
kappa.39,7.366260535
kappa.40,8.007636075
kappa.41,0.4970710375
kappa.42,0.4699373045
kappa.43,7.016605748
kappa.44,0.2099452065
kappa.45,11.17578992
kappa.46,21.022147434
kappa.47,0.745307454
kappa.48,0.4709944165
kappa.49,24.4639274
kappa.50,15.3341387735
kappa.51,0.7695574185
kappa.52,0.2848891625
kappa.53,10.9599919075
kappa.54,1.0354824725
kappa.55,13.560641536
kappa.56,15.2000362235
kappa.57,14.009753185
kappa.58,0.4911714235
kappa.59,0.667617699
kappa.60,18.800869375
kappa.61,13.9565465505
kappa.62,10.78461047
kappa.63,78.5610291
kappa.64,1.567511805
kappa.65,3.9564894
kappa.66,11.5314589645
kappa.67,2.55288535
kappa.68,14.573119588
kappa.69,2.10643075
kappa.70,12.7115371545
kappa.71,0.215445811
kappa.72,1.0698225595
kappa.73,0.183799715
kappa.74,0.203484586
kappa.75,0.5459140195
kappa.76,0.216453145
kappa.77,0.336011885
kappa.78,0.3144007365
kappa.79,0.352855495
kappa.80,0.3475042845
kappa.81,1.46559581
kappa.82,4.322372575
kappa.83,3.12935974
kappa.84,0.2514517935
kappa.85,3.169902065
kappa.86,1.390456638
kappa.87,1.1360853675
kappa.88,2.145324125
kappa.89,8.56493605
kappa.90,4.70410313
kappa.91,2.444978636
kappa.92,27.45738387
kappa.93,6.581995085
kappa.94,21.375368248
kappa.95,3.2406734475
kappa.96,3.6170873095
kappa.97,1.156392299
kappa.98,5.9675022295
kappa.99,37.891172455
kappa.100,4.846054895
kappa.101,4.68123827
kappa.102,4.57108923
kappa.103,0.704516782
kappa.104,0.294205005
kappa.105,0.4130341785
kappa.106,0.628316389
kappa.107,0.6297408985
kappa.108,3.771394804
kappa.109,0.4843684485
kappa.110,9.36348599
kappa.111,0.794694474
kappa.112,0.3649462345
kappa.113,4.12861972
kappa.114,1.600807214
kappa.115,2.321136167
kappa.116,1.3340572565
kappa.117,0.640853225
kappa.118,0.379020683
kappa.119,1.0652992145
kappa.120,3.912195435
kappa.121,34.890178335
kappa.122,2.75714643
kappa.123,19.707556364
kappa.124,52.45519839
kappa.125,4.041096655
kappa.126,10.4522011905
kappa.127,4.411561355
kappa.128,11.2327654535
kappa.129,0.80925688
kappa.130,0.693347329
kappa.131,0.961608411
kappa.132,1.106905536
kappa.133,0.783613197
kappa.134,0.61339302
kappa.135,2.03258925
kappa.136,2.9932614695
kappa.137,22.78711157
kappa.138,21.609409228
kappa.139,103.97715365
kappa.140,3.14863798
kappa.141,11.0681909
kappa.142,3.111979617
kappa.143,51.66705985
kappa.144,11.53964179
kappa.145,6.33671907
kappa.146,86.0723899
kappa.147,22.56442292
kappa.148,17.368992068
kappa.149,1.8806968415
kappa.150,2.806095182
kappa.151,14.459565522
kappa.152,4.923438975
kappa.153,12.1398093885
kappa.154,12.81109921
kappa.155,2.641556925
kappa.156,12.6418011405
kappa.157,6.6189428145
kappa.158,6.53979886
kappa.159,0.7530694875
kappa.160,1.249730711
kappa.161,4.54448063
kappa.162,6.65325266
kappa.163,12.00102304795
kappa.164,3.9205705825
kappa.165,12.396665084
kappa.166,5.8385599945
kappa.167,20.9745648725
kappa.168,5.03469713
kappa.169,10.7626325305
kappa.170,10.7156257775
kappa.171,8.284781609
kappa.172,2.981791104
kappa.173,1.5238972205
kappa.174,12.635417053
kappa.175,8.743063255
kappa.176,4.57052873
kappa.177,2.725069319
kappa.178,7.97643245
kappa.179,18.4374825
kappa.180,17.325112345
kappa.181,5.214317505
kappa.182,19.081904895
kappa.183,11.391259865
kappa.184,12.6176377905
kappa.185,8.19455911
kappa.186,3.128936175
kappa.187,3.65457745
kappa.188,16.2635494935
kappa.189,22.724323225
kappa.190,53.87373015
kappa.191,3.072531955
kappa.192,25.16777868
kappa.193,19.731156445
kappa.194,3.201986753
kappa.195,5.831179005
kappa.196,10.4305706295
kappa.197,3.6984037325
kappa.198,10.0588560365
kappa.199,6.229949645
kappa.200,13.191068281
kappa.201,4.239853456
kappa.202,16.4030100615
kappa.203,17.1484542065
kappa.204,16.430581178
kappa.205,18.007395984
kappa.206,2.390350631
kappa.207,6.325155815
kappa.208,7.079335294
kappa.209,3.5714434925
kappa.210,12.9221047035
kappa.211,4.61686717
kappa.212,1.8259288355
kappa.213,3.748042378
kappa.214,3.151356655
kappa.215,1.9872892015
kappa.216,1.708057795
kappa.217,21.93381574
kappa.218,2.258320043
kappa.219,5.57330904
kappa.220,9.354878595
kappa.221,5.449902327
kappa.222,17.023842127
kappa.223,13.870171457
kappa.224,4.019848105
kappa.225,8.548654035
kappa.226,20.591116762
kappa.227,4.6672024500000004
kappa.228,23.97749689
kappa.229,20.7240665645
kappa.230,15.872944117
kappa.231,0.1
kappa.232,23.4747448
kappa.233,0.1
kappa.234,3.7357161755
kappa.235,2.225876329
kappa.236,55.023296775
kappa.237,9.527178205
kappa.238,19.5886206695
kappa.239,4.989957231
kappa.240,9.627706648
kappa.241,7.1822476725
kappa.242,16.5919416775
kappa.243,13.48110668
kappa.244,16.958970759
kappa.245,13.142261974
kappa.246,4.6591269725
kappa.247,14.11712778
kappa.248,9.893177276
kappa.249,7.420542412
kappa.250,9.16348167
kappa.251,18.730212212
kappa.252,20.598760951
kappa.253,0.867012046
kappa.254,70.21845765
kappa.255,14.632480658
kappa.256,14.6698168715
kappa.257,14.92249577
kappa.258,14.860116961
kappa.259,18.1195143855
kappa.260,11.0273398775
kappa.261,6.120977137
kappa.262,8.371923435
kappa.263,6.109015048
kappa.264,17.1485998075
kappa.265,25.198013105
kappa.266,13.15068825
kappa.267,29.05686578
kappa.268,13.062279233
kappa.269,16.909467936
kappa.270,6.297246
kappa.271,11.4990150015
kappa.272,8.6193029215
kappa.273,14.9802295825
kappa.274,14.3763797425
kappa.275,15.031510405
kappa.276,0.1
kappa.277,21.5230043685
kappa.278,21.096986843
kappa.279,18.932485035
kappa.280,16.52774521
kappa.281,20.1690656095
kappa.282,8.695489844
kappa.283,16.4275601825
kappa.284,14.8015285326
kappa.285,26.740021565
kappa.286,12.3422768665
kappa.287,16.238728006
kappa.288,10.0181530535
kappa.289,13.739511406
kappa.290,13.094369332
kappa.291,8.8864017695
kappa.292,11.70207186
kappa.293,17.4596195715
kappa.294,5.707471372
kappa.295,15.001195251
kappa.296,12.744568143
kappa.297,9.2845293885
kappa.298,16.9352092505
kappa.299,14.466766384
kappa.300,8.0932150615
kappa.301,25.7344837465
kappa.302,4.471363281
kappa.303,16.612034278
kappa.304,13.6424811965
kappa.305,13.4352429305
kappa.306,13.7181988025
kappa.307,12.626142904
kappa.308,11.0519996085
kappa.309,11.817601423
kappa.310,14.1988471255
kappa.311,30.98234297
kappa.312,21.1839454555
kappa.313,1.762015927
kappa.314,17.86630971
kappa.315,21.065130999
kappa.316,18.9226696045
kappa.317,13.492918191
kappa.318,21.1125381415
kappa.319,18.429190119
kappa.320,21.08290724995
kappa.321,17.1823388512
kappa.322,21.1444196224
kappa.323,19.073485989
kappa.324,16.7900497525
kappa.325,16.088995319
kappa.326,10.7316390173
kappa.327,14.3713957365
kappa.328,7.7457644095000004
kappa.329,15.45135117
kappa.330,13.2905250464
kappa.331,24.930122345
kappa.332,13.3726861355
kappa.333,12.8106229745
kappa.334,13.5933401505
kappa.335,14.5757207305
kappa.336,13.9726594025
kappa.337,13.9179277865
kappa.338,13.7082412865
kappa.339,37.317012435
kappa.340,50.615936825
kappa.341,4.7981443735000004
kappa.342,30.382717916
kappa.343,19.3531860545
kappa.344,37.62149224
kappa.345,21.41012299
kappa.346,19.6977427535
kappa.347,18.9686215685
kappa.348,14.5729544805
kappa.349,13.9601430885
kappa.350,42.971702055
kappa.351,49.79510193
kappa.352,8.496552295
kappa.353,23.4314366585
kappa.354,29.97061227
kappa.355,15.8125548195
kappa.356,8.98451922
kappa.357,20.9490456754
kappa.358,20.29454321
kappa.359,51.232574075
kappa.360,18.178366532
kappa.361,20.734756543
kappa.362,14.231610502
tau.1,12.4369729645
tau.2,8.20659519
tau.3,17.62401885
tau.4,18.014317645
tau.5,11.632350755
tau.6,9.38897246
tau.7,8.264866185
tau.8,16.38307189
tau.9,10.761908215
tau.10,16.553037045
tau.11,21.174246455
tau.12,23.155217
tau.13,18.08196756
tau.14,14.49656383
tau.15,7.648129845
tau.16,8.85241666
tau.17,6.741126175
tau.18,10.2590480115
tau.19,14.01773637
tau.20,14.93106288
tau.21,7.899603195
tau.22,7.9991025
tau.23,11.653690315
tau.24,13.85123766
tau.25,15.319846485
tau.26,20.34742235
tau.27,17.344377425
tau.28,11.28138176
tau.29,13.94882886
tau.30,6.634801615
tau.31,19.21321201
tau.32,17.87338732
tau.33,8.20669868
tau.34,10.864779535
tau.35,8.87742037
tau.36,9.87003302
tau.37,10.17493734
tau.38,20.333943845
tau.39,10.946320745
tau.40,4.805287118
tau.41,4.3960078705
tau.42,10.92463101
tau.43,17.32534607
tau.44,10.343996395
tau.45,25.993350535
tau.46,7.7330583415
tau.47,12.681960055
tau.48,12.83282573
tau.49,7.813561885
tau.50,6.20246216
tau.51,15.19320396
tau.52,6.354158915
tau.53,10.565174835
tau.54,11.81480159
tau.55,12.58492034
tau.56,19.443921935
tau.57,9.987201935
tau.58,8.3260511215
tau.59,7.863075645
tau.60,7.558416145
tau.61,20.87468632
tau.62,9.966411185
tau.63,19.06004968
tau.64,8.385430952
tau.65,5.89187267
tau.66,12.2797972035
tau.67,11.69805905
tau.68,10.75016831
tau.69,12.52145058
tau.70,8.226543075
tau.71,12.91742361
tau.72,22.09595605
tau.73,13.80684565
tau.74,9.245695735
tau.75,11.543728745
tau.76,25.98247955
tau.77,25.14601625
tau.78,8.624316281
tau.79,8.193556185
tau.80,15.716764085
tau.81,14.1959001
tau.82,11.950362538
tau.83,10.83069902
tau.84,12.40999017
tau.85,12.227531445
tau.86,19.3647655
tau.87,7.827556115
tau.88,8.229485074
tau.89,13.28872218
tau.90,17.91776923
tau.91,13.708918585
tau.92,9.04728387
tau.93,6.481403905
tau.94,9.629253805
tau.95,9.5628663800000009
tau.96,8.514696495
tau.97,14.26323042
tau.98,9.124038205
tau.99,12.110765595
tau.100,11.102867735
tau.101,7.88107695
tau.102,8.5488145835
tau.103,15.567705555
tau.104,11.25154506
tau.105,19.58193862
tau.106,18.555950165
tau.107,11.625780445
tau.108,11.279576215
tau.109,13.101904254999999
tau.110,8.982381805
tau.111,16.33097184
tau.112,9.40046208
tau.113,6.050427015
tau.114,9.505490685
tau.115,7.69115316
tau.116,10.2236785
tau.117,17.802326675
tau.118,10.491066935
tau.119,8.775813835
tau.120,15.41233616
tau.121,13.696251755
tau.122,11.555282965
tau.123,4.83164394
tau.124,8.885919685
tau.125,13.846337775
tau.126,13.127344455
tau.127,21.24584156
tau.128,13.23352978
tau.129,8.44028048
tau.130,19.90250818
tau.131,4.44680026
tau.132,13.52255012
tau.133,9.84455871
tau.134,5.995423085
tau.135,12.447218015
tau.136,10.49611047
tau.137,12.592480489
tau.138,9.467591415
tau.139,13.871037215
tau.140,15.95273264
tau.141,16.52425716
tau.142,12.08540355
tau.143,13.963886415
tau.144,5.682648305
tau.145,9.290840635
tau.146,10.16937167
tau.147,8.63330979
tau.148,13.42705612
tau.149,10.985017185
tau.150,12.8007994315
tau.151,7.120952615
tau.152,7.262556115
tau.153,10.22076886
tau.154,9.47915166
tau.155,10.423176435
tau.156,11.056420315
tau.157,7.31903495
tau.158,16.374526345
tau.159,8.28682893
tau.160,12.270068645
tau.161,14.6951692775
tau.162,7.432023855
tau.163,17.77141378
tau.164,9.19338209
tau.165,17.033481075
tau.166,13.65889467
tau.167,14.37269429
tau.168,21.65255513
tau.169,7.285234916
tau.170,18.785979265
tau.171,10.29113098
tau.172,15.029293435
tau.173,14.37862783
tau.174,12.919189705
tau.175,11.62598222
tau.176,7.264986925
tau.177,21.98771845
tau.178,10.220734055
tau.179,11.74076591
tau.180,9.86173454
tau.181,24.9325914
tau.182,14.6761300555
tau.183,8.219390815
tau.184,29.0415163
tau.185,20.406902705
tau.186,7.75263599
tau.187,12.9348599645
tau.188,10.10076031
tau.189,9.980224565
tau.190,11.735452085
tau.191,6.9852521805
tau.192,15.18786268
tau.193,4.9611147
tau.194,22.6088669
tau.195,27.703614705
tau.196,9.872891505
tau.197,21.02676179
tau.198,13.458083825
tau.199,9.73638317
tau.200,7.5528779
tau.201,13.36929945
tau.202,14.68066753
tau.203,7.384314715
tau.204,14.878969035
tau.205,25.36464368
tau.206,24.261581370000002
tau.207,11.976712626
tau.208,13.639688685
tau.209,22.5455854
tau.210,12.255617555
tau.211,18.998529005
tau.212,12.566472725
tau.213,7.159351775
tau.214,6.607742245
tau.215,19.215003605
tau.216,9.397664475
tau.217,13.01082839
tau.218,16.81101706
tau.219,3.0401675825
tau.220,6.40869362
tau.221,5.69566649
tau.222,12.914447815
tau.223,13.280492105
tau.224,14.71903942
tau.225,11.2129163042
tau.226,21.663241055
tau.227,11.967555025
tau.228,5.880033905
tau.229,5.126420495
tau.230,7.479939185
tau.231,9.4216477835
tau.232,11.16077982
tau.233,3.4998357145
tau.234,13.670127635
tau.235,5.1422744905
tau.236,7.639540347
tau.237,12.713844975
tau.238,8.49998591
tau.239,9.65396348
tau.240,11.41130921
tau.241,13.284152385
tau.242,19.94319762
tau.243,17.683544035
tau.244,9.4260765
tau.245,8.267771275
tau.246,11.772327725
tau.247,7.2350180915
tau.248,4.83573734
tau.249,15.499158665
tau.250,34.8851642
tau.251,7.940633675
tau.252,9.9020498
tau.253,11.73922206
tau.254,15.162968815
tau.255,6.188546645
tau.256,11.05912853
tau.257,11.999056295
tau.258,12.06135658745
tau.259,13.50820036
tau.260,7.771212775
tau.261,29.5798544
tau.262,21.89417089
tau.263,14.7018075
tau.264,7.42824929
tau.265,11.90210137
tau.266,12.104759735
tau.267,3.104557944
tau.268,9.17477953
tau.269,12.187625515
tau.270,31.70856845
tau.271,7.723157905
tau.272,14.646907045
tau.273,9.12428809
tau.274,9.01611723
tau.275,15.251142015
tau.276,15.282465945
tau.277,3.2147757835
tau.278,17.088346055
tau.279,14.944769305
tau.280,10.326498865
tau.281,12.033032015
tau.282,6.292584875
tau.283,13.371069645
tau.284,2.9817682315
tau.285,20.75023014
tau.286,12.351684805
tau.287,9.92398885
tau.288,9.70457552
tau.289,14.37379313
tau.290,9.899752805
tau.291,9.257486805
tau.292,11.634466785
tau.293,21.447244745
tau.294,9.18703154
tau.295,12.48286633
tau.296,14.388422117
tau.297,10.00316786
tau.298,14.345729885
tau.299,18.0355537
tau.300,10.53736237
tau.301,13.444601811
tau.302,11.394139725
tau.303,12.637666085
tau.304,14.424813035
tau.305,12.336433595
tau.306,12.66107457
tau.307,11.510524355
tau.308,11.726307606
tau.309,5.575184495
tau.310,11.536546855
tau.311,13.1612783485
tau.312,15.24515392
tau.313,10.73200972
tau.314,16.863836995
tau.315,14.62848351
tau.316,10.0757773
tau.317,16.60119143
tau.318,11.62878288
tau.319,25.97012825
tau.320,15.853854525
tau.321,3.7292315165
tau.322,18.080291945
tau.323,5.095970405
tau.324,8.9389007665
tau.325,12.852696215
tau.326,6.9261861075
tau.327,13.681074315
tau.328,19.140550905
tau.329,7.967894764
tau.330,9.152223815
tau.331,8.38799626
tau.332,8.425690265
tau.333,13.03985085
tau.334,9.9513961015
tau.335,16.822746925
tau.336,6.14871461
tau.337,20.04623978
tau.338,26.66533863
tau.339,12.82342336
tau.340,8.32307826
tau.341,13.275746799
tau.342,15.064865095
tau.343,11.71304623
tau.344,9.44014818
tau.345,10.21362571
tau.346,16.658152675
tau.347,17.2008451
tau.348,9.139521365
tau.349,14.880408895
tau.350,8.828940305
tau.351,17.44121297
tau.352,20.689580445
tau.353,11.220716574
tau.354,11.850884405
tau.355,16.157880235
tau.356,8.03305869
tau.357,14.31932818
tau.358,6.2560107
tau.359,32.03617455
tau.360,13.522453895
tau.361,14.161882055
tau.362,5.3224312995
tau.363,6.66145453
tau.364,11.046790635
tau.365,26.50772475
tau.366,7.992395375
tau.367,20.18693489
tau.368,12.908635164
tau.369,10.4016464
tau.370,20.55120886
tau.371,10.711895775
tau.372,12.478211245
tau.373,9.502133885
tau.374,13.325438735
tau.375,7.83295957
tau.376,8.29855168
tau.377,10.553114575
tau.378,16.40767367
tau.379,14.993633055
tau.380,13.072671715
tau.381,13.744844795
tau.382,13.311760925
tau.383,14.748920915
tau.384,9.80593235
tau.385,12.1185167265
tau.386,11.178366155
tau.387,6.895774465
tau.388,8.9831355135
tau.389,10.774956675
tau.390,8.910463535
tau.391,15.779279695
tau.392,7.53179763
tau.393,11.6976325
tau.394,8.12213171
tau.395,20.586545045
tau.396,15.56322245
tau.397,4.65479463
tau.398,9.334833111
tau.399,13.9405083085
tau.400,21.9186891
tau.401,4.5785949595
tau.402,8.731570195
tau.403,18.531713075
tau.404,9.05786371
tau.405,11.928548205
tau.406,7.93920689
tau.407,7.427350935
tau.408,5.0476069845
tau.409,5.7523540985
tau.410,37.7258051
tau.411,23.13701348
tau.412,8.43131831
tau.413,13.499908135
tau.414,8.51039901
tau.415,4.4346939725
tau.416,6.652683225
tau.417,9.842419205
tau.418,8.482834425
tau.419,8.795075465
tau.420,6.853803445
tau.421,31.4974049
tau.422,13.994529055
tau.423,30.0575514
tau.424,11.776755175
tau.425,9.318737545
tau.426,12.573964115
tau.427,6.693409025
tau.428,9.002453585
tau.429,8.55106165
tau.430,11.316726951
tau.431,8.96079828
tau.432,9.058958125
tau.433,15.64888609
tau.434,17.607863965
tau.435,12.728251742
tau.436,12.85371376
tau.437,9.732995175
tau.438,19.277591125
tau.439,10.67495535
tau.440,10.76703911
tau.441,15.45518516
tau.442,23.14595712
tau.443,13.29514291
tau.444,10.89403257
tau.445,13.391164195
tau.446,11.922550685
tau.447,12.01048536
tau.448,15.722222355
tau.449,8.115613635
tau.450,10.763482925
tau.451,12.569489455
tau.452,17.112435235
tau.453,15.25271387
tau.454,23.847044845
tau.455,8.770868165
tau.456,19.30484486
tau.457,15.281424745
tau.458,16.60562604
tau.459,10.25210428
tau.460,12.1792137145
tau.461,18.855744465
tau.462,9.288466485
tau.463,11.0238985285
tau.464,20.208906915
tau.465,5.432689675
tau.466,13.66586218
tau.467,9.80678667
tau.468,6.3721843585
tau.469,14.11955065
tau.470,22.515539655
tau.471,18.366342455
tau.472,15.232113365
tau.473,12.053616274
tau.474,3.4325302955
tau.475,10.882389405
tau.476,14.9493887
tau.477,4.30866546
tau.478,6.31620241
tau.479,10.82674451
tau.480,7.934154015
tau.481,11.83784377
tau.482,8.87905771
tau.483,7.824642769
tau.484,19.724853165
tau.485,12.89259248
tau.486,11.087428295
tau.487,23.413809785
tau.488,12.123453477
tau.489,4.22630124
tau.490,8.377186495
tau.491,14.266586555
tau.492,10.807700925
tau.493,9.97997856
tau.494,7.61318827
tau.495,10.86896747
tau.496,11.262118875
tau.497,15.297697485
tau.498,8.242004935
tau.499,6.58724119
tau.500,10.5203523855
tau.501,10.95871884
tau.502,13.80350297
tau.503,14.40247919
tau.504,9.773144335
tau.505,11.417975705
tau.506,14.784962005
tau.507,9.89597987
tau.508,15.41188763
tau.509,9.441188715
tau.510,11.618920805
tau.511,4.5851863195
tau.512,11.692943435
tau.513,17.99838592
tau.514,10.55260444
tau.515,10.99207537
tau.516,8.29390898
tau.517,25.7449122
tau.518,8.01232409
tau.519,15.93063881
tau.520,12.06804999
tau.521,9.801278392
tau.522,19.175660085
tau.523,13.69514735
tau.524,15.1025826
tau.525,23.433338255
tau.526,8.08409196
tau.527,10.02728914
tau.528,15.68067714
tau.529,6.10835912
tau.530,9.17274828
tau.531,13.3630317
tau.532,9.654408765
tau.533,12.95611699
tau.534,16.02405088
tau.535,12.1023969045
tau.536,23.72335401
tau.537,8.055791925
tau.538,13.671580285
tau.539,15.71824834
tau.540,11.12097391
tau.541,16.29792395
tau.542,8.289827875
tau.543,17.3252895
tau.544,21.757946445
tau.545,6.82618824
tau.546,11.297328225
tau.547,14.204452265
tau.548,11.092405335
tau.549,19.11371105
tau.550,13.69211843
tau.551,2.90521176
tau.552,7.217987655
tau.553,11.8194696
tau.554,9.869350215
tau.555,12.873848155
tau.556,10.4081279
tau.557,30.579526045
tau.558,13.57081752
tau.559,21.275433955
tau.560,26.71619515
tau.561,19.102355
tau.562,14.154756965
tau.563,8.44417297
tau.564,9.3112946
theta.1,0.142922880984
theta.2,-0.2171461189995
theta.3,1.2578099435
theta.4,0.387278013805
theta.5,1.364968764645
theta.6,2.110975746
theta.7,-0.1347626249015
theta.8,0.718733643513
theta.9,0.9354556978865
theta.10,1.898114663
theta.11,1.9767421505
theta.12,0.7575398735385
theta.13,0.30336008136
theta.14,2.2586157915
theta.15,0.673411868025
theta.16,2.0499205812
theta.17,1.090936753816
theta.18,0.1496160747815
theta.19,2.09431977395
theta.20,0.140533020455
theta.21,1.80757359655
theta.22,0.0952241131665
theta.23,0.040737668303999996
theta.24,1.26231188651
theta.25,1.37471441595
theta.26,1.480743234
theta.27,0.859519505745
theta.28,1.62301296105
theta.29,1.946668949495
theta.30,2.057910894725
theta.31,1.0473475245837
theta.32,0.1835013900369
theta.33,2.2129986565
theta.34,1.408218533515
theta.35,2.223453293
theta.36,0.6468744741369999
theta.37,0.6068415767685
theta.38,1.06866912835
theta.39,-0.0790367267976
theta.40,-0.66959245254
theta.41,1.856990920425
theta.42,1.92244765365
theta.43,1.3796322344525
theta.44,-0.2414503669045
theta.45,1.41713859805
theta.46,0.0043712703699999985
theta.47,1.725587006619
theta.48,-0.11300481853115
theta.49,-0.5847168849755
theta.50,2.80956647
theta.51,1.2312494295
theta.52,2.788996689
theta.53,1.52990542057
theta.54,1.5208508423
theta.55,1.535863527335
theta.56,0.554216518524
theta.57,1.87812276328
theta.58,-0.989466861175
theta.59,-0.43457348622
theta.60,0.287281915958
theta.61,1.730046641
theta.62,0.779557469235
theta.63,0.8965665761705
theta.64,-0.05141484712995
theta.65,0.23688191900049999
theta.66,0.057181107565
theta.67,2.09955743107
theta.68,0.16460586826
theta.69,2.028857511
theta.70,1.860659968
theta.71,1.5927871482
theta.72,1.0485059293
theta.73,1.799277374
theta.74,1.856097157
theta.75,2.309556132
theta.76,1.469272864
theta.77,0.21167465710395
theta.78,0.08403244142875001
theta.79,1.7210844155
theta.80,0.20772359428
theta.81,2.44991764
theta.82,0.077199655625
theta.83,-0.0740846562645
theta.84,-0.1291158827
theta.85,1.75199346575
theta.86,0.50411500855845
theta.87,-0.539195130107
theta.88,1.391211856637
theta.89,2.34835617
theta.90,1.439492633
theta.91,0.8138339332668
theta.92,1.9939859785
theta.93,1.80243381115
theta.94,1.7251406114
theta.95,-0.008804936796
theta.96,0.8353411700233
theta.97,0.991883799685
theta.98,1.6847802863685
theta.99,1.48743960496
theta.100,1.7565163488
theta.101,-0.36594210137
theta.102,-0.839135858925
theta.103,0.02459447510785
theta.104,-0.4339554291615
theta.105,0.323893475353135
theta.106,2.381870025
theta.107,1.00277825845005
theta.108,2.010171702825
theta.109,1.66303201175
theta.110,1.78586749045
theta.111,0.903203690155
theta.112,1.398999077765
theta.113,2.537765376
theta.114,1.156721100141
theta.115,1.6536841079
theta.116,0.0109983566695
theta.117,2.136060103
theta.118,1.907984119985
theta.119,0.53272140414
theta.120,1.519011145
theta.121,1.06640376682
theta.122,1.406063094105
theta.123,1.8033988628
theta.124,1.20574200127
theta.125,2.011459027
theta.126,1.7837338857
theta.127,1.2190169215
theta.128,1.936116231
theta.129,1.10314709095
theta.130,0.844674926155
theta.131,1.6505470405
theta.132,2.041811676605
theta.133,1.89255257125
theta.134,0.826357843345
theta.135,1.560099001065
theta.136,-0.175740942484
theta.137,0.09860621685
theta.138,-0.13908623121
theta.139,-0.7059544815731384
theta.140,0.561061060609
theta.141,1.439981221
theta.142,2.2346466392
theta.143,1.63523538265
theta.144,0.2675751951775
theta.145,1.20532677775
theta.146,1.43210687575
theta.147,0.5512293229835
theta.148,1.913802693
theta.149,-0.11096661117790001
theta.150,0.021118636744999995
theta.151,1.9608464915
theta.152,2.2020908595
theta.153,0.5379355740595
theta.154,0.12446667514
theta.155,1.79166565055
theta.156,1.7449102065
theta.157,0.2252038810785
theta.158,1.779519199
theta.159,1.58875748255
theta.160,-0.286420877445
theta.161,0.039353907788
theta.162,1.05065740658
theta.163,1.9980948705
theta.164,-0.51111052623
theta.165,0.8242414797975
theta.166,-0.167066110779
theta.167,1.0816597094615
theta.168,0.72647800709805
theta.169,0.5383789987050001
theta.170,1.4920194055
theta.171,1.54166141072
theta.172,2.54193368
theta.173,2.054644116
theta.174,1.01519945027
theta.175,0.9977537366445
theta.176,1.555128276715
theta.177,0.3847586486035
theta.178,1.980033613
theta.179,1.68993243245
theta.180,1.8016246305
theta.181,0.52432586161999994
theta.182,0.08393661879315
theta.183,0.337984582735
theta.184,1.2288782245
theta.185,2.056855972
theta.186,2.796606846
theta.187,0.148683135685
theta.188,1.702399250375
theta.189,1.35198151013
theta.190,0.067666197135
theta.191,-0.621899478814
theta.192,1.625537664
theta.193,1.666502789245
theta.194,0.3443756611855
theta.195,1.3086702625
theta.196,1.669180922415
theta.197,1.996829394
theta.198,1.60902225293
theta.199,0.26533629645575
theta.200,0.25711940249
theta.201,1.7703538212
theta.202,1.48902433445
theta.203,2.9315789075
theta.204,0.459589827149
theta.205,0.623992644975
theta.206,-0.248985723059
theta.207,0.177407945625
theta.208,-0.12242205303
theta.209,1.58082352
theta.210,0.267273907403
theta.211,1.1212904369
theta.212,0.414028666015
theta.213,1.71563684545
theta.214,1.521225438596
theta.215,0.8564211335595
theta.216,1.426102329265
theta.217,0.723079162198
theta.218,1.6130290905
theta.219,1.36781771257
theta.220,-0.103515534475
theta.221,1.23058933663
theta.222,1.70742093295
theta.223,1.364582576697
theta.224,1.5773605278
theta.225,0.137272602925
theta.226,0.444863296379
theta.227,3.03050054
theta.228,1.72522311642
theta.229,2.770951085
theta.230,1.6226278009
theta.231,0.110673410412
theta.232,1.8590160307
theta.233,-0.551499040251
theta.234,1.58059341182
theta.235,0.03053022088105
theta.236,-0.5041803200305
theta.237,0.572991009963
theta.238,0.2839742257515
theta.239,1.225388989148
theta.240,1.58920151325
theta.241,0.8021363504431
theta.242,1.245402438
theta.243,1.483742117185
theta.244,-0.2166007049755
theta.245,1.534312152
theta.246,1.7452429615
theta.247,0.155553209068
theta.248,1.800243117305
theta.249,1.96475480575
theta.250,0.380587532695
theta.251,2.34138336095
theta.252,0.695280591865
theta.253,2.13373956501
theta.254,3.086261505
theta.255,1.4919282777
theta.256,0.4380924331575
theta.257,2.12001232
theta.258,0.06853197669
theta.259,1.32359463655
theta.260,1.790927059175
theta.261,1.224979842
theta.262,1.533040731
theta.263,2.2961517615
theta.264,1.99745370125
theta.265,-0.20361606848215
theta.266,1.92042448605
theta.267,3.79091189
theta.268,-0.48492787706
theta.269,-0.0950615611075
theta.270,1.088466822185
theta.271,0.3678581777
theta.272,-0.2002886173995
theta.273,1.538847601175
theta.274,1.8599424215
theta.275,1.773625914
theta.276,2.2850235415
theta.277,2.682463235
theta.278,-0.483271834516
theta.279,1.4098213615
theta.280,1.0753583100065
theta.281,1.67221121881
theta.282,2.866377725
theta.283,1.74509518325
theta.284,-1.3856255640795
theta.285,1.3043203316
theta.286,0.7279594465585
theta.287,2.133352332145
theta.288,1.138042865355
theta.289,1.30347386148
theta.290,0.7036124581405
theta.291,1.18493341361
theta.292,1.589955252
theta.293,1.214774589109655
theta.294,0.795455445
theta.295,0.9539615998965
theta.296,0.248120121586
theta.297,1.082424101657
theta.298,2.75056091
theta.299,-0.29240060018015
theta.300,1.71125095348
theta.301,0.5865181359
theta.302,1.903520395
theta.303,1.365001358965
theta.304,2.39509968
theta.305,2.1397175322
theta.306,0.8134381647075
theta.307,-0.2800417157515
theta.308,0.14358865309
theta.309,1.260158205303
theta.310,1.21557395928
theta.311,1.20629685381
theta.312,1.23997969597
theta.313,2.0962672575
theta.314,-0.1827694588305
theta.315,1.15734392801
theta.316,1.3168264914
theta.317,-0.663177791275
theta.318,1.023990417877
theta.319,1.5132010012
theta.320,1.1883530761785
theta.321,2.97570825
theta.322,1.5344291962945
theta.323,1.025443794005
theta.324,0.12747085207699999
theta.325,0.869115285309
theta.326,0.08605034581
theta.327,0.820924328555
theta.328,1.23295403773
theta.329,0.1922897305
theta.330,0.5045590293065
theta.331,0.3021387577825
theta.332,2.46356625
theta.333,1.6899394855
theta.334,0.046061430985
theta.335,1.04083807365
theta.336,0.9574060050425
theta.337,1.910125951
theta.338,1.46676521835
theta.339,2.1331696625
theta.340,2.4396987275
theta.341,0.12208705601
theta.342,1.84541646115
theta.343,1.605741755165
theta.344,1.90349513065
theta.345,-0.6628217995541
theta.346,-0.246269736765
theta.347,0.8466623757395
theta.348,2.1316874405
theta.349,1.634426552605
theta.350,1.302400976915
theta.351,0.7953169815245
theta.352,2.209492174
theta.353,0.1679397245315
theta.354,1.61179229571
theta.355,0.241708970986
theta.356,-0.2552575113195
theta.357,0.97381726339
theta.358,1.42968189875
theta.359,1.01197015439
theta.360,1.8544653269
theta.361,1.699794441195
theta.362,0.573704493574
theta.363,3.08923753
theta.364,1.34954960276
theta.365,1.603210477
theta.366,2.628650285
theta.367,1.63427391
theta.368,0.16029446415
theta.369,0.4342112996605
theta.370,2.44544106
theta.371,2.530660725
theta.372,1.7835162855
theta.373,1.7509907105
theta.374,-0.65178432441
theta.375,1.7939278775
theta.376,2.716495504
theta.377,1.20596281557
theta.378,1.6450863998
theta.379,2.0511055485
theta.380,1.158916473529
theta.381,1.808727359
theta.382,1.8265137943
theta.383,1.1932289121424
theta.384,2.03194139925
theta.385,0.167680383925
theta.386,1.109984671815
theta.387,2.932531055
theta.388,0.0638701640555
theta.389,0.7781989499835
theta.390,0.781017721678
theta.391,0.800376913525
theta.392,1.6501644985
theta.393,2.13618518
theta.394,0.635181025207
theta.395,1.112951043355
theta.396,1.2760243994815
theta.397,0.6009353820455
theta.398,0.2939148595515
theta.399,0.1437169630265
theta.400,1.567660195
theta.401,1.76012117217
theta.402,1.5616972214
theta.403,2.183593228
theta.404,0.69805732739
theta.405,-0.4131516524545
theta.406,1.026049547
theta.407,1.3795850461999999
theta.408,2.1540521762
theta.409,-0.133229810083
theta.410,0.6746859165975
theta.411,0.7886355711895
theta.412,1.7547966101
theta.413,1.35783267769
theta.414,2.553488165
theta.415,-0.02211902146
theta.416,2.080261427
theta.417,1.945854560565
theta.418,0.96014680259
theta.419,1.56076431782
theta.420,-0.1244490246312
theta.421,1.583505618
theta.422,-0.327206916173
theta.423,0.4412356295945
theta.424,0.874152824395
theta.425,2.54386135
theta.426,1.9784284149
theta.427,0.13291693994875
theta.428,0.7823789118755
theta.429,0.31015801314
theta.430,0.0941430201085
theta.431,2.045087612
theta.432,1.4073033249
theta.433,0.5189365555845
theta.434,1.705322924
theta.435,0.226820129727
theta.436,0.7071264221645
theta.437,1.53033307754
theta.438,1.435996339
theta.439,-0.6113489980165
theta.440,0.3185387233408
theta.441,0.79184530624409
theta.442,1.17472206415
theta.443,1.6856082045
theta.444,1.63794733018
theta.445,1.72213070725
theta.446,1.918425485605
theta.447,2.6403381835
theta.448,1.888705114285
theta.449,2.699769005
theta.450,1.198419952595
theta.451,1.7630644955
theta.452,0.751232184384
theta.453,1.255130582585
theta.454,1.7211591995
theta.455,1.7683266389
theta.456,1.22542508219
theta.457,1.294972942
theta.458,-0.206418297101
theta.459,0.5195259796635
theta.460,0.0515690714802
theta.461,1.4590975815
theta.462,1.42594335074
theta.463,0.0201805516115
theta.464,1.6205839683
theta.465,1.73839681885
theta.466,1.42991315925
theta.467,1.7962733048
theta.468,0.189967385615
theta.469,0.561933882925
theta.470,1.9462417195
theta.471,1.31668526034
theta.472,1.7137318311
theta.473,0.113670840296
theta.474,-0.18466694526150002
theta.475,1.906471056
theta.476,0.91968122957
theta.477,1.485615020795
theta.478,0.84819384604
theta.479,1.2509921126275
theta.480,0.829477913
theta.481,1.33341457181
theta.482,2.990664365
theta.483,0.1763654016065
theta.484,1.975792294
theta.485,1.839699427
theta.486,0.8143028462055
theta.487,1.61480075165
theta.488,-0.15150775167
theta.489,-2.113963580125
theta.490,1.8378678352
theta.491,2.25685278
theta.492,1.1358334722765
theta.493,2.0567132985
theta.494,1.2130704148645
theta.495,1.8025080895
theta.496,2.8800192665
theta.497,1.28455175947
theta.498,2.2405242475
theta.499,0.5396287951105
theta.500,0.07087057099
theta.501,1.7744031861
theta.502,0.609705393575
theta.503,2.121650965
theta.504,-0.338364192991
theta.505,2.1291689097
theta.506,0.760400750823
theta.507,1.7391110635
theta.508,0.977597276195
theta.509,1.36026795108
theta.510,0.95544297095
theta.511,0.545262842238
theta.512,1.537289789545
theta.513,0.7353948661635
theta.514,0.07190499249985
theta.515,1.24930843376
theta.516,0.71352080619
theta.517,0.4511071356915
theta.518,2.06740756945
theta.519,2.039532726
theta.520,2.0899093485
theta.521,0.077397372215
theta.522,0.193016168455
theta.523,0.923536655045
theta.524,2.0621771242655
theta.525,1.864389137
theta.526,2.3513386605
theta.527,1.696600386365
theta.528,1.2693649185
theta.529,-0.041741034749999996
theta.530,0.238814796174
theta.531,1.58247875055
theta.532,0.8315218611
theta.533,2.212264139
theta.534,2.485578201
theta.535,0.396570938765
theta.536,1.334009116
theta.537,1.5665907079
theta.538,1.48604515415
theta.539,1.51858780053
theta.540,1.82697340175
theta.541,0.4392314218523
theta.542,0.1355335529665
theta.543,1.560977500065
theta.544,0.79649626455
theta.545,0.8290453774
theta.546,0.17387117704
theta.547,1.55163163052
theta.548,2.703197705
theta.549,1.856754394
theta.550,1.92490225
theta.551,0.004428273635999999
theta.552,1.181848036195
theta.553,0.024712830821250004
theta.554,2.158205355
theta.555,1.7710440095
theta.556,-0.500584810555
theta.557,1.512001083
theta.558,1.2902414721
theta.559,1.18224621955
theta.560,0.595775906735
theta.561,-1.0283650527875
theta.562,1.673619663305
theta.563,0.6931262296555
theta.564,1.82314313029
sigma,1.60556351
beta,0
mu_beta,0
sigma_beta,1
llike_,23103.929235
lpri_,-6254.54544
lp_,16849.3836845
